순위,링크,제목,가격
1,http://gdimg.gmarket.co.kr/3658351431/still/300?ver=1757660043,신라면 10입 + 너구리 5입 + 짜파게티 5입 (총 20봉),13980
2,http://gdimg.gmarket.co.kr/4576143619/still/300?ver=1764691278,(한정수량)삼양 불닭볶음면 20입 (5입 x 4개) /멀티팩,12900
3,http://gdimg.gmarket.co.kr/3075536766/still/300?ver=1764723574,(한정수량) 대패 삼겹살 2kg (1kg + 1kg) / 수입산,17950
4,http://gdimg.gmarket.co.kr/4576149929/still/300?ver=1764691815,(한정수량)살코기참치 12입(100gx6 + 85gx6),12900
5,http://gdimg.gmarket.co.kr/4609082771/still/300?ver=1764573074,농심 신라면 15개+짜파게티 5개,14320
6,http://gdimg.gmarket.co.kr/3658371503/still/300?ver=1711505934,신라면10입 +안성탕면5입 +너구리5입 (총 20봉),12870
7,http://gdimg.gmarket.co.kr/2899878671/still/300?ver=1764720444,베베쥬 20%+5%쿠폰/본격 겨울 준비 BIG SALE/무료배송,11180
8,http://gdimg.gmarket.co.kr/4604166645/still/300?ver=1764727313,폴햄키즈 텐셀 소재 신축성좋은 핫스킨 세트 PKF4UI3910,8870
9,http://gdimg.gmarket.co.kr/4409470187/still/300?ver=1764647452,비아에듀) 문해력 수학 교과중심 수학  티처스에서방영된개념연결지도까지,10500
10,http://gdimg.gmarket.co.kr/4599276380/still/300?ver=1764658064,(한정수량 증정) VU.CA 고불소 치약 미백 칫솔 구취케어 어린이 치약 모음,9950
11,http://gdimg.gmarket.co.kr/4565587154/still/300?ver=1764639978,1+1 기모 나이키 소프트브러쉬 스우시 스웻셔츠 11월 겨울맞이 할인 이벤트,43320
12,http://gdimg.gmarket.co.kr/4565539914/still/300?ver=1760684468,육개장사발면18개 + 김치사발면6개,16780
13,http://gdimg.gmarket.co.kr/3352517849/still/300?ver=1764032636,추위대비 할인  적당한 두께로 답답함없는 온가족 필수품 밍크털 수면잠옷 1+1,9300
14,http://gdimg.gmarket.co.kr/4605220135/still/300?ver=1764568582,(할인특가) 블루래빗 세계명작팝업북세트 - 10권(12월10일 예약 발송),29500
15,http://gdimg.gmarket.co.kr/4047940691/still/300?ver=1764632903,니트릴 라텍스 요리용장갑 200매 100매 블루 화이트 블랙 식품용,7990
16,http://gdimg.gmarket.co.kr/1806544358/still/300?ver=1764726071,(10%중복쿠폰)행텐주니어 겨울 기본템 패딩/기모맨투맨/기모후드티/데님 외 인기상품 무료배송,16490
17,http://gdimg.gmarket.co.kr/4023643136/still/300?ver=1721869058,농심 짜파게티 10개 +안성탕면 10개 (총 20봉),13400
18,http://gdimg.gmarket.co.kr/4438602463/still/300?ver=1764652524,르까프/전상품91%~93%할인/땡처리초특가/무료배송/25%+N% 쿠폰/FW 시즌오픈 르까프 공식밴더,14250
19,http://gdimg.gmarket.co.kr/4602926209/still/300?ver=1764549200,(뚜레쥬르) 홀리데이 스트로베리 퀸,26180
20,http://gdimg.gmarket.co.kr/3829692446/still/300?ver=1764660615,(신세계센텀점)R78 남여공용 데일리 스니커즈 400267 - 02 03 R78 Lightwind,26700
21,http://gdimg.gmarket.co.kr/1896169677/still/300?ver=1764133272,자가발열 보온유지 발열솜 극세사 패드 웜매트 고정밴드 매트리스 커버,19860
22,http://gdimg.gmarket.co.kr/2122159837/still/300?ver=1764510932,키즈 원리셈/ 원리셈 세트,41310
23,http://gdimg.gmarket.co.kr/4518513903/still/300?ver=1764642841,무료배송) 30%+10%+5% 나인식스뉴욕/BNX/르샵 外 쌀쌀한 지금 입기 좋은 BEST ITEM 특가 100종,18810
24,http://gdimg.gmarket.co.kr/2713347696/still/300?ver=1764645015,무브무브 플랩북 17종 선택구매 (수학 신간 2종 포함),23100
25,http://gdimg.gmarket.co.kr/4492514952/still/300?ver=1764288352,대건명가 돼지국밥 630g 5팩 사은품 (양념장 소금) 증정,23280
26,http://gdimg.gmarket.co.kr/2315162136/still/300?ver=1762175593,삼다수 2L 24펫 (유라벨/무라벨 랜덤발송),20520
27,http://gdimg.gmarket.co.kr/4432543461/still/300?ver=1764723550,(신선집중) 본가명인 국내산 배추김치 포기김치 10kg 전재료 100% 국산 해남배추 당일생산 한정수량,32780
28,http://gdimg.gmarket.co.kr/4603873458/still/300?ver=1764727312,폴햄 POLHAM 김태리 무브 다운점퍼 성인 숏패딩 2종 PHE4JP27603760,39630
29,http://gdimg.gmarket.co.kr/4230950785/still/300?ver=1764726460,마포 끄티집 왕돼지구이 1.2kg+1.2kg (총 2.4kg) ㆍ노포양념구이 단짠단짠 간장 구이,15940
30,http://gdimg.gmarket.co.kr/4539709726/still/300?ver=1758098302,신라면 5봉 + 너구리 5봉 + 짜파게티 5봉 + 오징어짬뽕 5봉 (총 20봉),14930
31,http://gdimg.gmarket.co.kr/3826444256/still/300?ver=1764061498,개념원리 중학 고등 수학 골라담기,18000
32,http://gdimg.gmarket.co.kr/4608271406/still/300?ver=1764483500,(롯데백화점)(할인/정가80000원대) 에프터글로우 립 밤 1+1,36000
33,http://gdimg.gmarket.co.kr/1350339365/still/300?ver=1764723725,20% 지오다노 활용도 좋은 겨울상의 특가전 ~71% 기모 맨투맨/긴팔티/니트 외,18000
34,http://gdimg.gmarket.co.kr/3635404232/still/300?ver=1764665869,(15%쿠폰)빅사이즈 겨울신상 피치기모 잠옷/여성/원피스/커플/아동/주니어/가족/수면/극세사,7980
35,http://gdimg.gmarket.co.kr/4549407167/still/300?ver=1764314586,런칭가 109000원케이수 25FW 워셔블 캐시미어 100% 홀가먼트 가디건 1종,70320
36,http://gdimg.gmarket.co.kr/2628478123/still/300?ver=1764727594,크리넥스 3겹 울트라클린 25M 24롤 2팩 화장지 휴지 두루마리,23890
37,http://gdimg.gmarket.co.kr/4602865237/still/300?ver=1764727670,|한정수량|아쿠아필드 전지점  센텀 스파랜드 입장권 특가,13600
38,http://gdimg.gmarket.co.kr/4522952975/still/300?ver=1764222736,(20%쿠폰) 이랜드주니어 올 겨울 코디템 맨투맨 면바지 웜업세트 UP TO ~80%,10800
39,http://gdimg.gmarket.co.kr/4602703088/still/300?ver=1764318381,|선착순한정특가| (민생회복 시즌 한정 할인) 플레이타임/챔피언/1250/블랙벨트 59개점 특가,8670
40,http://gdimg.gmarket.co.kr/2708159188/still/300?ver=1764674578,추가쿠폰특가 사월장터 에듀왕 점프왕수학 최상위/기본편/실력편 꼭알 KMA 시리즈,14110
41,http://gdimg.gmarket.co.kr/2191515947/still/300?ver=1764513672,(15%쿠폰) 크록스본사 블프 슈퍼세일 털클로그 바야밴드 3만원대~ 최대 혜택가 인기 클로그 추가인하,25200
42,http://gdimg.gmarket.co.kr/2882695300/still/300?ver=1764728461,(특가) 마법천자문 낱권 선택구매,11060
43,http://gdimg.gmarket.co.kr/2140835515/still/300?ver=1764726487,(10%중복쿠폰)행텐 겨울 기본템 맨투맨/후드티/니트/데님/슬랙스 외 인기상품 전상품 무료배송,18570
44,http://gdimg.gmarket.co.kr/4600224351/still/300?ver=1764725839,|한정수량| 전국 16개지점 히어로플레이파크 특가/히어로키즈카페/대구/부산/양산/의정부/진주/제주,8670
45,http://gdimg.gmarket.co.kr/4609953827/still/300?ver=1764652805,(한정수량) 삼성출판사 명작동화 스티커북 10+1 전11종 세트,18800
46,http://gdimg.gmarket.co.kr/4602925950/still/300?ver=1764131606,(뚜레쥬르) 제품교환권 2만원권,16400
47,http://gdimg.gmarket.co.kr/3655190812/still/300?ver=1763366306,(신선집중) 농협안심한우 1+등급 한우 불고기 국거리 400g x 2팩 (총 800g) (냉장),22840
48,http://gdimg.gmarket.co.kr/4576014969/still/300?ver=1764722501,(한정수량)고농축피죤 시그니처 실내건조 5.7L 미스틱레인,12900
49,http://gdimg.gmarket.co.kr/2295100843/still/300?ver=1764495602,프리미엄 군용 대용량 보온대 핫팩 160g+(50개) 25년 10월 최신생산품 FDA/ISO9001/14001(환경) 전군보급품,31340
50,http://gdimg.gmarket.co.kr/3205957011/still/300?ver=1764664189,무료반품 무료배송 추가쿠폰 에잇세컨즈 지락페 BIG SALE 패딩/코트/가디건/니트 만원대 인기 의류 BEST 50,11400
51,http://gdimg.gmarket.co.kr/4604072730/still/300?ver=1764729432,앤드지 사이드밴딩 슬랙스(BZE4PP1101),19910
52,http://gdimg.gmarket.co.kr/2664229438/still/300?ver=1764317475,(무료반품+5+6+20%쿠폰/2+1사은품) 역대할인 5110원~ 다온샵 겨울팬츠/아우터/기모/빅사이즈/융바지,8560
53,http://gdimg.gmarket.co.kr/1807856935/still/300?ver=1753841925,카레여왕 비프 160g (즉석) 10개,13740
54,http://gdimg.gmarket.co.kr/2904197186/still/300?ver=1764727802,폴로클럽 최대 20% 인기상품 재입고 무배 겨울 기모 BIG SALE 상하복 맨투맨 팬츠 바지 플리스 아우터,11130
55,http://gdimg.gmarket.co.kr/4579343274/still/300?ver=1762335062,CJ비비고 왕교자1.05kg X 3개,26700
56,http://gdimg.gmarket.co.kr/2515031942/still/300?ver=1764296910,(신선집중) 포항 구룡포 완전손질 과메기 야채완벽구성 25년 햇 과메기 출하 / 과메기 20쪽(2~3인세트),28410
57,http://gdimg.gmarket.co.kr/4314504483/still/300?ver=1761788977,이글루캠 S8 QHD 400만화소 AI 홈 CCTV 가정용 베이비캠 펫캠 홈캠 회전형,94510
58,http://gdimg.gmarket.co.kr/4604901180/still/300?ver=1764724555,푸마 피치기모 경량 웜웨어 롱슬리브/웜 기모 타이즈 택1,7930
59,http://gdimg.gmarket.co.kr/1552234801/still/300?ver=1754544314,스팸 클래식 200g 9개,24900
60,http://gdimg.gmarket.co.kr/4070164350/still/300?ver=1757671581,신라면 10입 + 안성탕면 5입 + 너구리 5입 + 짜파게티 5입 (총25봉),16900
61,http://gdimg.gmarket.co.kr/4600408229/still/300?ver=1763703259,(한정수량) 애플펜슬 2세대 Apple Pencil 2 MU8F2AM/A 재고보유,82400
62,http://gdimg.gmarket.co.kr/3472423899/still/300?ver=1764730252,(한정수량) 통영산   통통생굴 2kg/ 김장피크 기간 시세 폭등 지금이 특가찬스,26800
63,http://gdimg.gmarket.co.kr/4547400644/still/300?ver=1764722360,(한정수량) 퍼실 라벤더 듀얼(드럼/일반 겸용) 2.7L x2개 세탁세제,19930
64,http://gdimg.gmarket.co.kr/776582823/still/300?ver=1764663052,(5+6+10%) 5000원~로즈맘 역대급세일 겨울 인기상품 빅사이즈 티셔츠/패딩/가디건/홈웨어/바지/엄마옷/마담,8850
65,http://gdimg.gmarket.co.kr/776433041/still/300?ver=1764725462,3시간타임쿠폰 5% 12.3일 단품특가 3개이상 스타벅스상품권 밀크바오밥 어덜트 키즈 대용량 샴푸 바디워시,9380
66,http://gdimg.gmarket.co.kr/3108637509/still/300?ver=1764303844,세타필 로션 473ml 3개 +크림 10g 2개+바디워시 50ml 1개 증정,29900
67,http://gdimg.gmarket.co.kr/4538416897/still/300?ver=1764299640,(무료반품/5%+10%) 11220~ 방송상품 신상UP ~88까지 니트/블라우스/점퍼/가디건 외 빅사이즈.무료배송,9900
68,http://gdimg.gmarket.co.kr/2799604339/still/300?ver=1764653415,(10+5+6%) 5220원~데이데이 여성패딩점퍼/빅사이즈/기모바지/경량패딩/겨울원피스/맨투맨/니트/엄마옷,13990
69,http://gdimg.gmarket.co.kr/4591749757/still/300?ver=1764638185,(지락페)최강할인15%+5%+6% 드넬 1+1 니트/패딩/기모팬츠/코트외,10300
70,http://gdimg.gmarket.co.kr/4214076738/still/300?ver=1764731108,에코하임양면팬 특대형,39900
71,http://gdimg.gmarket.co.kr/4396293383/still/300?ver=1749617602,햇반 전복내장죽267G 8개,18800
72,http://gdimg.gmarket.co.kr/4602824375/still/300?ver=1764722897,(한정수량) 웰치스 드링크 190ml 포도24개+오렌지망고24개,13500
73,http://gdimg.gmarket.co.kr/2577725034/still/300?ver=1764669793,프리미엄 핫팩(RED) 50매 FDA인증 ISO환경인증 캠핑 손난로 군인 군용 2025년 11월 최신제조품 국내직접제조,21800
74,http://gdimg.gmarket.co.kr/2060483986/still/300?ver=1764649516,(신선집중) 풀토래 닭통다리살 냉장 정육 2kg 100% 국내산 닭다리살 순살,20670
75,http://gdimg.gmarket.co.kr/174392434/still/300?ver=1764724398,(15+5%쿠폰)BYC 히트핏 외 남녀 내복 상하 세트 내의 기모 남성 여성 남자 여자 성인 보온 발열,10300
76,http://gdimg.gmarket.co.kr/131765999/still/300?ver=1764658306,코디아이 가을 겨울 신상 이월 특가 할인 실내복/등원룩/기모/긴팔/맨투맨/셋업/싱글스판/상하복,6500
77,http://gdimg.gmarket.co.kr/4577109069/still/300?ver=1764720023,(한정수량)(3차오픈/종료시품절) 경동나비엔 숙면 카본매트 탄소매트 EME521 싱글/퀸,190490
78,http://gdimg.gmarket.co.kr/4578367002/still/300?ver=1764665425,(10+5%) 르샵(본사직영) 지금 필요한 겨울 아이템 최대 85% 할인 + 추가 쿠폰 혜택,19380
79,http://gdimg.gmarket.co.kr/2195429134/still/300?ver=1764661598,선비찬 사골순대국 600g X 5봉(+새우젓3봉) 국산 고기 순대국 // 지락페쿠폰특가+추가할인 원데이특가딜,17960
80,http://gdimg.gmarket.co.kr/3267983596/still/300?ver=1764654221,(24입)삼립호빵 개별포장 호빵12입 2박스 +호떡 증정(호빵네빵/단팥/야채/피자),20520
81,http://gdimg.gmarket.co.kr/3805064420/still/300?ver=1764663706,(계몽사) 디즈니 그림 명작 전집 전60권,188000
82,http://gdimg.gmarket.co.kr/4602709436/still/300?ver=1764216498,(한정수량)베지밀 뼈에좋은 칼슘 검은콩 두유 190ml 72팩,27450
83,http://gdimg.gmarket.co.kr/4201303395/still/300?ver=1764715098,벨포레리조트,70780
84,http://gdimg.gmarket.co.kr/2080799823/still/300?ver=1764720759,웨스트우드 FW 다운/패딩/반넥티/티셔츠/패딩팬츠 외 혜택전,47200
85,http://gdimg.gmarket.co.kr/2742375529/still/300?ver=1764730639,(최대15%캐시)아토베리어365 크림80ml 2개 +마스크팩5장+크림30ml+로션30ml,50820
86,http://gdimg.gmarket.co.kr/1534849667/still/300?ver=1764554188,일리윤 세라마이드 아토로션 564ml 2개 + 50ml 2개 증정,34590
87,http://gdimg.gmarket.co.kr/220228006/still/300?ver=1764730923,버블트리 15%+5% 쿠폰  주니어 여아겨울신상 업뎃 상하세트 스쿨룩 상하복 맨투맨,11930
88,http://gdimg.gmarket.co.kr/4467428501/still/300?ver=1764729101,가마솥 찜닭 솥뚜껑 간장찜닭 1kg x 2팩 (총 2kg)  단짠단짠 국내산 닭고기,11930
89,http://gdimg.gmarket.co.kr/2260661525/still/300?ver=1762144334,레쓰비 마일드 캔커피 175ml x 60캔 캔커피 / 업소용 커피 / 커피 / 라떼,21200
90,http://gdimg.gmarket.co.kr/4577507496/still/300?ver=1764718264,포항 구룡포 완전손질 꽁치과메기 10미(20쪽) + 야채세트,20600
91,http://gdimg.gmarket.co.kr/4598237172/still/300?ver=1764552842,(버거킹) 불고기와퍼주니어+와퍼주니어+콜라R+콜라R+프렌치프라이L,8700
92,http://gdimg.gmarket.co.kr/4546753180/still/300?ver=1764726852,프롭스 PD 고속충전 10000mAh 기내반입 일체형 미니 보조배터리 ChargeGo,9950
93,http://gdimg.gmarket.co.kr/3506657154/still/300?ver=1764718828,NEW 캐츠랑 고양이사료 점보 업그레이드 20kg 무료배송 / 비타플러스 초특가,39000
94,http://gdimg.gmarket.co.kr/3298957297/still/300?ver=1764729079,1+1 패딩 슬리퍼 겨울 털실내화 남성 여성 방한 신발 키높이 층간소음 방지,6680
95,http://gdimg.gmarket.co.kr/4331918627/still/300?ver=1764578575,태암 500종 인기과자 골라담기 행사신상품 파이 샌드 비스켓 쌀스낵 초콜릿 젤리,5510
96,http://gdimg.gmarket.co.kr/1693433901/still/300?ver=1764571950,(15%적립+20%+5%쿠폰+무배) 미센스 FW BEST 이너+아우터 특가세일,11960
97,http://gdimg.gmarket.co.kr/2128333213/still/300?ver=1764728158,(무료반품)(10+6+5%) 7900원~ 모노시크/기모티셔츠/맨투맨/패딩/후드/니트/조끼/남방/세트/팬츠/밍크/양털,11780
98,http://gdimg.gmarket.co.kr/4607959717/still/300?ver=1764593188,새콤 달콤 조생 노지감귤 10kg 박스포함중량,6710
99,http://gdimg.gmarket.co.kr/1798445027/still/300?ver=1764720176,어가찬 7%+5% 단하루마지막쿠폰 국내가공 바다일품 백진미채 800g 믿고먹는 어가찬 주문진가공 무료배송,22800
100,http://gdimg.gmarket.co.kr/1510637585/still/300?ver=1764145012,스파클생수 2L 30병 (도착보장 / 무라벨),13220
101,http://gdimg.gmarket.co.kr/3717877195/still/300?ver=1764142872,82g고평량 시그니앙 블랙라벨 20팩 캡형 엠보 70매 아기물티슈,22490
102,http://gdimg.gmarket.co.kr/4545409109/still/300?ver=1764638188,(한정특가) 77g 고평량 베베앙 로얄 플러스 물티슈 캡형 70매 20팩,18900
103,http://gdimg.gmarket.co.kr/2211006290/still/300?ver=1764513540,(15%쿠폰) 크록스본사 겨울 털클로그 3만원대~득템찬스 인기 베스트 라인 추가 인하 모음,25200
104,http://gdimg.gmarket.co.kr/4387064096/still/300?ver=1748236979,인기 보드게임 250종 모음 루미큐브 다빈치코드 할리갈리 루핑루이,28500
105,http://gdimg.gmarket.co.kr/4551607133/still/300?ver=1764723857,(한정수량) 동원 라이트 스탠다드 참치 150g 원터치 12개,22900
106,http://gdimg.gmarket.co.kr/2478000104/still/300?ver=1763112117,동서식품맥심 모카골드 마일드 커피믹스 190T,27050
107,http://gdimg.gmarket.co.kr/3088827853/still/300?ver=1755496565,불스원 소프트 하이브리드 와이퍼 2개 세트(차종별 선택),13900
108,http://gdimg.gmarket.co.kr/4603599108/still/300?ver=1764668742,(신세계타임스퀘어점리빙관)최저가 트레이닝팬츠 맨투맨 5종 택1 PHF4TR1030PHF4TR2010PHF4TR2020P...,17100
109,http://gdimg.gmarket.co.kr/4598238855/still/300?ver=1764552824,(버거킹) 통새우와주+와퍼주니어+콜라R+콜라R+프렌치프라이L,9400
110,http://gdimg.gmarket.co.kr/2536569255/still/300?ver=1764655863,이지스에듀 바빠연산법 낱권 선택구매,11200
111,http://gdimg.gmarket.co.kr/2482854493/still/300?ver=1764145739,미엘 클래식 엠보싱 물티슈 100매 캡형 20팩 정직한평량,21760
112,http://gdimg.gmarket.co.kr/4189721532/still/300?ver=1764208987,(출판사연합) 그림책 BEST 골라담기 시리즈 (3권이상무배),8400
113,http://gdimg.gmarket.co.kr/4564563326/still/300?ver=1760506521,(스마일북스) 기발한 생각 유레카 전10권,37900
114,http://gdimg.gmarket.co.kr/2426764568/still/300?ver=1762835787,신라면+튀김우동+새우탕+오짬뽕 6입4개(총24개),18720
115,http://gdimg.gmarket.co.kr/3483992352/still/300?ver=1764313631,종근당 바이탈프로그램 비타민C 1100mgx600정 660g 1박스  도착보장 NON-GMO 비타민,26700
116,http://gdimg.gmarket.co.kr/2584905546/still/300?ver=1764144967,스파클생수 500ml 100병 (도착보장/무라벨),16710
117,http://gdimg.gmarket.co.kr/4314564184/still/300?ver=1764579810,신성베이커리 행복한 호두파이 850g,12970
118,http://gdimg.gmarket.co.kr/2240700980/still/300?ver=1764713855,칼집밤 뜨래밤 1kg(대) 군밤용 25년햇밤 달고 홀랑까지는밤,11340
119,http://gdimg.gmarket.co.kr/4602673219/still/300?ver=1764324763,출판사연합_유아 베스트 그림책 낱권 골라담기,9000
120,http://gdimg.gmarket.co.kr/4498600881/still/300?ver=1764720920,하늘돼지 국내산 못난이 생쪽갈비 2kg 캠핑 구이용 1등급 이상 돼지고기 (냉동) /쪽갈비 구매고객 추가증정,14160
121,http://gdimg.gmarket.co.kr/4422969988/still/300?ver=1764717312,본사배송 건국우유 멸균우유 200ml 48팩,25380
122,http://gdimg.gmarket.co.kr/4490546627/still/300?ver=1764638987,(최대15%캐시)프리메라 마일드퍼펙트 클렌징 오일 투 폼 200ml +200ml 추가 증정,18200
123,http://gdimg.gmarket.co.kr/4189911665/still/300?ver=1764123451,인코드x트라이 남/녀 폴리 기모 상하 SET,9730
124,http://gdimg.gmarket.co.kr/3938955398/still/300?ver=1764719951,믈레코비타 폴란드 직수입 멸균우유 대용량 1L X 12팩 세트 (12/3 단 하루 특가),18730
125,http://gdimg.gmarket.co.kr/1112606830/still/300?ver=1764721002,(행사상품)간척지쌀 20KG,55900
126,http://gdimg.gmarket.co.kr/2543142322/still/300?ver=1764727478,(선택구매)요시타케 신스케 유아부터 초등그림책 에세이 자녀교육서 골라담기(전38종),9750
127,http://gdimg.gmarket.co.kr/4554749841/still/300?ver=1764674141,(대구신세계)25FW 신상 EIDER 시그니처 DUW25594 델타 2.5 남녀공용 롱 다운 자켓 겨울 데일리 커플룩 ...,130460
128,http://gdimg.gmarket.co.kr/4599455994/still/300?ver=1763707411,밀레엑스트라 웜기모 남성/여성 상하의 세트 택일,12910
129,http://gdimg.gmarket.co.kr/3108214687/still/300?ver=1764599182,맥심 모카골드 마일드 커피믹스 210T  (G),32480
130,http://gdimg.gmarket.co.kr/4577272483/still/300?ver=1761636526,빅토리아 청포도 20펫+파인애플 20펫 탄산음료 500ml 20+20개 외 18종 골라담기,14160
131,http://gdimg.gmarket.co.kr/4598282755/still/300?ver=1764552758,(웰컴백) 버거킹 와퍼주니어+콜라R,3790
132,http://gdimg.gmarket.co.kr/1701421709/still/300?ver=1764661234,(공식) 노스페이스 25 F/W 신상 + BEST 겨울대비/롱패딩/다운/구스다운/후리스/숏패딩,124420
133,http://gdimg.gmarket.co.kr/3962513019/still/300?ver=1764661526,르무통 메이트/업/버디 메리노울 발편한 운동화 BEST,102910
134,http://gdimg.gmarket.co.kr/3067005626/still/300?ver=1764548686,(푸마/스파이더/밀레/네파/7900원~) FW 한파대비 홈웨어/이지웨어/언더웨어 특가 모음전,13790
135,http://gdimg.gmarket.co.kr/4578894798/still/300?ver=1762346170,여성 코듀로이 본딩 와이드 팬츠_PHF4PT2619,14330
136,http://gdimg.gmarket.co.kr/4551293836/still/300?ver=1759113807,게임 온 패스 기프트카드 5만원 (팔라고 포인트로페이 사용 가능),46600
137,http://gdimg.gmarket.co.kr/4412851178/still/300?ver=1764556604,(신간) 올어바웃 마이바디 전20권 전권기능보드북 QR 애니메이션 영상,79200
138,http://gdimg.gmarket.co.kr/777247382/still/300?ver=1764684770,(무료반품)(5+6%) 패션라인 5900~ 겨울자켓/코트/니트/긴팔/가디건/점퍼/아우터/홈쇼핑/맨투맨/기모/엄마옷,17720
139,http://gdimg.gmarket.co.kr/3162898676/still/300?ver=1764552512,펩시제로 라임 355ml 48캔 /제로음료/펩시/콜라,31900
140,http://gdimg.gmarket.co.kr/4565489825/still/300?ver=1764154850,개당 가격 최저가)마이핫 주머니 손난로 핫팩 보온대 90g x 60팩 / 2025 최신 국내 제조 당일출고,19860
141,http://gdimg.gmarket.co.kr/1913600243/still/300?ver=1764634295,(입는생리대 42장/클럽최대 14940원) 시크릿데이 생리대 블랙 중형 16PX7+1팩더 외 순한코튼오가닉 유기농,11620
142,http://gdimg.gmarket.co.kr/2217959476/still/300?ver=1763340383,(최대15%적립)(1+1행사)(NEW)불스원샷 플래티넘 연료첨가제 5in1 500ML 2종택1(휘발유 경유),25350
143,http://gdimg.gmarket.co.kr/2945646109/still/300?ver=1764552573,펩시제로 라임 210ml 60캔 (30캔 2박스),27070
144,http://gdimg.gmarket.co.kr/4464147550/still/300?ver=1754540507,센트룸 멀티구미 키즈 40정(80g) x2개,19500
145,http://gdimg.gmarket.co.kr/3094794519/still/300?ver=1764147284,75g 고평량 시그니앙 오가든 20팩 캡형 77매 엠보 아기물티슈,20690
146,http://gdimg.gmarket.co.kr/4205482789/still/300?ver=1764029169,허브갈릭 훈제오리 슬라이스 210g x 6팩+소스 3봉 + 떡갈비증정,19940
147,http://gdimg.gmarket.co.kr/4591852044/still/300?ver=1764722910,(한정수량) 당일조업  서해안 보령 자연산 참 홍합 섭1kg(대) 7-9미 내외,11980
148,http://gdimg.gmarket.co.kr/4577955083/still/300?ver=1764133279,휴홈 무표백 순수 대나무 키친타월 100매 9팩(900매)   3겹 키친타올,7850
149,http://gdimg.gmarket.co.kr/3592280251/still/300?ver=1764586554,CBCM 만화쇼 / 서울미디어코믹스 대원씨아이 소미미디어 디앤씨미디어 오팬하우스 시공사,150000
150,http://gdimg.gmarket.co.kr/1718797467/still/300?ver=1764722794,(한정수량 특가) 미샤 연말선물대전 최대 50% / 앰플/에센스/크림/기획세트/ 단독 사은품까지,22400
151,http://gdimg.gmarket.co.kr/4322479620/still/300?ver=1764664763,숨37 시크릿 에센스 45ml 기획세트,34100
152,http://gdimg.gmarket.co.kr/385777290/still/300?ver=1764311936,기모 신상 주니어 여아 의류 초등학생 맨투맨 티셔츠 바지 상하복 세트 아동복 아이라인키즈 특가 SALE,12670
153,http://gdimg.gmarket.co.kr/2492407445/still/300?ver=1764139563,뼈를 생각한 고칼슘두유 검은콩 + 호두아몬드 96팩 진득찰,29920
154,http://gdimg.gmarket.co.kr/2514176527/still/300?ver=1764320283,크리넥스 마이비데 키즈 캡 40매 X 9팩 화장실용 비데물티슈,13860
155,http://gdimg.gmarket.co.kr/4582972716/still/300?ver=1764723429,(한정수량) 통영산 통통 흑백가리비 2kg 40미 내외/꽃게살맛의 역대급 가리비,8660
156,http://gdimg.gmarket.co.kr/4208677283/still/300?ver=1764638392,1+1 DIYOU SGS 인증 전자렌지 스텐 찜기 2개세트 계란찜 라면용기 스텐렌지팟 연마제거가 99% 필요 없어요,9690
157,http://gdimg.gmarket.co.kr/4591456516/still/300?ver=1764661826,|인천| 파라다이스시티 호텔_씨메르+원더박스PKG_조식+리조트머니PKG_스위트PKG_다양한 부대시설 이용 혜택,257520
158,http://gdimg.gmarket.co.kr/2882960341/still/300?ver=1764646023,(특가) 마법천자문 세트 선택구매,109020
159,http://gdimg.gmarket.co.kr/3658366323/still/300?ver=1711505984,신라면10입 +안성탕면5입 +짜파게티5입 (총 20봉),13770
160,http://gdimg.gmarket.co.kr/3034651978/still/300?ver=1763334860,맥심 모카골드 커피믹스 400T,59370
161,http://gdimg.gmarket.co.kr/1769157396/still/300?ver=1764232479,아르떼 KF94 새부리형 국산 마스크 대형 소형 초소형 키즈 컬러 식약처인증 개별포장,17960
162,http://gdimg.gmarket.co.kr/3817717458/still/300?ver=1764646084,(1+1) 온라인팩 알카라인 1.5V 건전지 AA 20개 +20개 (LR6) 벡셀온라인공식인증점 벡셀공식인증대리점,11690
163,http://gdimg.gmarket.co.kr/3192616733/still/300?ver=1764289433,(10+5+6%)7900원~ 코코리 겨울 빅사이즈/미시/롱티셔츠/맨투맨/니트/패딩/기모팬츠,11780
164,http://gdimg.gmarket.co.kr/4596319508/still/300?ver=1764122883,리퀴드 고농축 라벤더 캡슐세제 200개입 / 8배 고농축 중성 피부저자극 세탁세제 2종모음전,8910
165,http://gdimg.gmarket.co.kr/4037784316/still/300?ver=1764147413,딥큐 3in1 오션브리즈 100개+100개 캡슐세제 실내건조 고농축 세탁 세제,14890
166,http://gdimg.gmarket.co.kr/4322775264/still/300?ver=1764510019,아우라 실내건조 섬유유연제 5.7L 스모키머스크,16900
167,http://gdimg.gmarket.co.kr/3847017590/still/300?ver=1764635914,스타벅스 캡슐커피 10캡슐 x 4박스 골라담기 by 네스프레소 (+주문세트별 굿즈 3종 증정),29630
168,http://gdimg.gmarket.co.kr/3491083462/still/300?ver=1741567314,샘표 진간장 금F3 1.7L 2개+500ml 2개,14890
169,http://gdimg.gmarket.co.kr/4419297204/still/300?ver=1759377801,(올리브영) 기프트카드 5만원권 (매장 바로사용),49500
170,http://gdimg.gmarket.co.kr/4594051069/still/300?ver=1764723203,모브온 25FW 밍크기모 매직 팬츠 3종 (25FW 최신상),79900
171,http://gdimg.gmarket.co.kr/4593023173/still/300?ver=1764731138,한정 수량 특가 호주어그  정품(오즈웨어  ASUGG )코게트슬리퍼  플랫폼 혼스버튼  밴딩 슬리퍼,42100
172,http://gdimg.gmarket.co.kr/4254151704/still/300?ver=1764655045,(1+1/총 2켤레세트) 포그스웨이드 털슬리퍼 거실화겸용 / 2개옵션 구매시 기모양말 5켤레 증정,8930
173,http://gdimg.gmarket.co.kr/3799886955/still/300?ver=1764306086,베스트 보드게임 모음전 - 할리갈리 루미큐브 러시아워 퍼즐,24360
174,http://gdimg.gmarket.co.kr/2434914527/still/300?ver=1764651342,순수본가 소갈비살 200g x 5개 / 미국 EXCEL (총 1kg),25550
175,http://gdimg.gmarket.co.kr/3768639920/still/300?ver=1755845503,신라면 5봉 + 너구리 5봉 + 짜파게티 5봉 + 오징어짬뽕 5봉 (총 20봉),15870
176,http://gdimg.gmarket.co.kr/4602927022/still/300?ver=1763973362,해태제과 구운감자 145g (29g x 20개),12540
177,http://gdimg.gmarket.co.kr/2007850294/still/300?ver=1764569984,삼성전자 오디세이 G5 C34G55T 86.4cm 165Hz 게이밍모니터,313970
178,http://gdimg.gmarket.co.kr/1267464808/still/300?ver=1764582167,(누구나30%) 게스본사 인기 FW 신상/이월 모음전 ~ 티셔츠/맨투맨/데님 외,28750
179,http://gdimg.gmarket.co.kr/2542329944/still/300?ver=1764143618,프로살림 자동 전동 연필깎이 오토베어 자동상승,38510
180,http://gdimg.gmarket.co.kr/2604852311/still/300?ver=1764319697,(10+5+2%쿠폰) 아동 털 방한 슬리퍼 키즈 패딩 부츠 방한화 유아 털신 어린이 여아 주니어 슈즈 신발,14280
181,http://gdimg.gmarket.co.kr/1886792777/still/300?ver=1760057881,무료배송 페이퍼맥스 고양이 종이컵 2000개/1박스,20130
182,http://gdimg.gmarket.co.kr/3245115781/still/300?ver=1764569275,(5+6+10%) 비비드글램 1+1 장당 2960원~역대급할인/와이드팬츠/융기모/후드/트레이닝세트/조거/빅사이즈5XL,9480
183,http://gdimg.gmarket.co.kr/3576186016/still/300?ver=1758639480,햇반 백미 작은공기 130g 36입,28900
184,http://gdimg.gmarket.co.kr/4596093355/still/300?ver=1764070039,(신세계하남점)남녀공용 클래식 터보 클로그 3종 211287-2Y2외 크록스 샌들 슬리퍼 지비츠 터보 백스트랩,31190
185,http://gdimg.gmarket.co.kr/2722549520/still/300?ver=1764724455,(15%+10%) 밀크마일 인기 겨울 기모템 최대 혜택가 디즈니/스누피/아우터/상하복/티셔츠/팬츠 외 모음,8340
186,http://gdimg.gmarket.co.kr/1819951773/still/300?ver=1764631578,rTG 알티지 오메가3 (7%중복)6개월분(180캡슐) 식물성캡슐 비타민D,23120
187,http://gdimg.gmarket.co.kr/3039555146/still/300?ver=1764666857,베베숲 프라임 아기물티슈 70매 캡 20팩 70gsm 고평량/ 우리아이를 위한 프리미엄 물티슈,26900
188,http://gdimg.gmarket.co.kr/4602925492/still/300?ver=1764131606,(뚜레쥬르) 제품교환권 1만원권,8200
189,http://gdimg.gmarket.co.kr/4272476240/still/300?ver=1764565126,LG전자 ALL-Day그램 15ZD90RU-GX54K 혜택가 109만/인텔i5/램16G/SSD 256GB/OS 미탑재 (ST),1172680
190,http://gdimg.gmarket.co.kr/4562572756/still/300?ver=1764730273,사만사타바사 직25FW NEW COLOR 양가죽 인트레치아토 탑핸들 토트백 (+카드,131750
191,http://gdimg.gmarket.co.kr/3008697660/still/300?ver=1764664172,(15%적립)(20%쿠폰+무료배송) 웰메이드(인디안브루노바피) 놓치면 후회 지금 입기 좋은 BEST 특가,25940
192,http://gdimg.gmarket.co.kr/3368582744/still/300?ver=1761616669,EGLOO 이글루캠 S4+ 2K 300만 화소 회전형 홈 카메라 CCTV,66900
193,http://gdimg.gmarket.co.kr/3014775093/still/300?ver=1764643250,룰루맘 리얼이구마 도라지배즙 빼빼구마 외 유아간식,42190
194,http://gdimg.gmarket.co.kr/2091054360/still/300?ver=1764720992,(10켤레) G락페특가 70%+24% 추가할인 크레오라 향균소재 스포츠양말 (2세트 1000원 중복할인+푸마짐색),13710
195,http://gdimg.gmarket.co.kr/3516948168/still/300?ver=1764571543,(10+6+5%) 리베레츠 세트상품/가을겨울 신상/코트/경량/티셔츠/니트/팬츠 홈쇼핑 빅사이즈 여성의류,15730
196,http://gdimg.gmarket.co.kr/2922735278/still/300?ver=1764721929,삠뽀요 윈터세일 겨울 상하복/티셔츠/팬츠/아우터/아동복/등원룩 50종,14330
197,http://gdimg.gmarket.co.kr/4221107407/still/300?ver=1764584522,10%+5% 그루브라임/스위브 FW BEST ITEM - 맨투맨 후드 점퍼 자켓 코트 팬츠 FW 겨울 경량점퍼,13850
198,http://gdimg.gmarket.co.kr/2611508735/still/300?ver=1756274090,(신세계 규격)(신세계의정부점)깨끗한나라 순수프리미엄 30m30롤3팩,37410
199,http://gdimg.gmarket.co.kr/3179219373/still/300?ver=1764719985,KF94 TS마스크 레모나 위가드 스카이슘 50매 100매 새부리형 소형 중형 대형 마스크 모음전,11310
200,http://gdimg.gmarket.co.kr/226919468/still/300?ver=1764341058,월튼키즈 25겨울베스트 한정수량특가+3개이상구매시 추가할인 + 무료배송,10720
